Features,Reduced Dimension Space,accuracy,classification error,f1 score
pca,100.0,100.0,0.0,1.0
k_pca,100.0,18.181818181818183,81.81818181818181,0.13333333333333333
lda,14.0,100.0,0.0,1.0
k_lda,14.0,100.0,0.0,1.0
resnet,2048.0,100.0,0.0,1.0
vgg,4096.0,48.484848484848484,51.515151515151516,0.439047619047619
pca+lda+vgg,4210.0,90.9090909090909,9.090909090909093,0.9104761904761904
k_pca+k_lda,114.0,100.0,0.0,1.0
resnet+vgg,6144.0,100.0,0.0,1.0
all,6372.0,100.0,0.0,1.0
